{
    "min": -1.5888671875,
    "max": 21.65625
}
