,Name,Training Accuracy,Validation Accuracy,Test Accuracy
0,resnet,0.5902380950961794,0.2800925913784239,0.5644379840340725
1,inception,0.7262500006811959,0.5648148172431522,0.6031976737255274
2,inceptionresnet,0.5891666649069105,0.5847222208976746,0.5600775161454844
3,densenet,0.7842261910438537,0.6217592583762275,0.5654069753580315
4,xception,0.6779761895111629,0.44722222089767455,0.3454457365496214
5,vgg,0.8251785695552826,0.7546296305126614,0.6976744227631148
