,Name,Training Accuracy,Validation Accuracy,Test Accuracy
0,resnet,0.7844827586206896,0.8229166666666666,0.7291666666666666
1,inception,0.8275862068965517,0.84375,0.78125
2,inceptionresnet,0.8631465517241379,0.8020833333333334,0.7708333333333334
3,densenet,0.8286637931034483,0.8333333333333334,0.8020833333333334
4,xception,0.8556034482758621,0.8333333333333334,0.7083333333333334
5,vgg,0.9536637931034484,0.875,0.8333333333333334
