epoch,loss,mean_absolute_error,mean_squared_error,val_loss,val_mean_absolute_error,val_mean_squared_error
0,0.0020619849221722485,0.03339323060853141,0.0020619849345844747,0.002839018434446959,0.03807125538380033,0.0028390184253672124
1,0.0009840160487414394,0.023255806038552044,0.0009840160552720548,0.002761762620995345,0.03718535944528899,0.0027617626235895585
2,0.0008361304364206094,0.02107598144651913,0.0008361304423833454,0.0026041550670742658,0.03635573226304772,0.002604155073559799
3,0.0007691057215165672,0.01984375087537832,0.0007691057247210307,0.0025572230005610867,0.03648110803911945,0.002557222988238574
4,0.0007205174932051904,0.018779841727392183,0.0007205174989245494,0.002618778496980667,0.037575637605196915,0.0026187784956835606
5,0.0006786138300770952,0.01775147976282374,0.0006786138340116897,0.002672100484417881,0.03866798107961094,0.0026721004986860544
6,0.0006414100085222892,0.016775304539849534,0.000641410011929567,0.002729918396562172,0.039540734318471556,0.002729918400453492
7,0.0006103103522873298,0.015940396064561418,0.0006103103547210997,0.0027546887182238874,0.03970581196601344,0.002754688720169547
8,0.0005835669893789258,0.015238077855483995,0.0005835669936785857,0.00274607017221225,0.03950136799292644,0.002746070176752123
