epoch,loss,mean_absolute_error,mean_squared_error,val_loss,val_mean_absolute_error,val_mean_squared_error
0,0.00229675980464909,0.03366533657633261,0.002296759809760007,0.002884029766186698,0.036756037399795397,0.0028840297927773847
1,0.0009696985643198032,0.02337784956011415,0.0009696985650499342,0.0031955903525721064,0.03906028553801991,0.003195590365543173
2,0.0008589046224805718,0.022021801733389135,0.0008589046263340406,0.003166963158222045,0.03902922095445537,0.0031669631874069446
3,0.0007955907605497575,0.02085002722147242,0.000795590762821276,0.003068144490273052,0.03864539079471883,0.003068144496110032
4,0.0007461028073781303,0.019620552294293762,0.0007461028104203425,0.0029962126277179603,0.03824269808932599,0.002996212624475194
5,0.0007089256659030058,0.018641914677796464,0.0007089256702432285,0.0029872971856681253,0.03831276838203326,0.002987297173345612
