epoch,loss,mean_absolute_error,mean_squared_error,val_loss,val_mean_absolute_error,val_mean_squared_error
0,0.009187033658933206,0.04305641724750763,0.009187033712516704,0.0019903749455814574,0.029235436106334157,0.0019903749491485007
1,0.0008619665020577064,0.021774092136204036,0.0008619665046942904,0.002299633303535246,0.03155769541610582,0.002299633306778013
2,0.0007801478858453057,0.020503566349217284,0.000780147889577086,0.0023972572866453683,0.03265166074597902,0.0023972573022106483
3,0.000729383002741113,0.019450652132050918,0.0007293830049720687,0.0025125097179873575,0.034151660335512216,0.0025125097432809372
4,0.0006875371319916788,0.01838267939587088,0.0006875371357234591,0.002623629771837119,0.03581588879269146,0.002623629782213972
5,0.0006479837384500025,0.01730805823274398,0.0006479837416950288,0.0027219405181155977,0.037696353821369266,0.002721940534329431
