epoch,loss,mean_absolute_error,mean_squared_error,val_loss,val_mean_absolute_error,val_mean_squared_error
0,0.004211154882309355,0.036870020099685166,0.004211154899386306,0.002977024808572735,0.038017769938225865,0.0029770248014386485
1,0.0009398648583083592,0.022736659909530384,0.000939864860985506,0.0029877452744030935,0.03811946193736908,0.0029877452847799466
2,0.00083495806286092,0.0212491331187171,0.0008349580640778049,0.0029922498106012187,0.03848338539097303,0.0029922497995758125
3,0.0007789481690847915,0.020221867469441185,0.0007789481734655772,0.002929580221497415,0.03828881140331372,0.0029295802409540148
4,0.0007389810025928873,0.01935974380150697,0.0007389810045399032,0.002933505120944014,0.03880848854904719,0.0029335051222411203
5,0.0007059005954714965,0.018601576408910005,0.0007059005982703318,0.0029396708201212306,0.03936547173763052,0.002939670807150164
6,0.0006759474535054082,0.01786534615276375,0.0006759474561014294,0.0029331322903368715,0.03972021125070232,0.002933132281257125
7,0.0006474015389354932,0.01714879171436049,0.0006474015425861479,0.0029344451762891494,0.04012624011439865,0.0029344451665608497
8,0.0006190682606015497,0.016429619020571485,0.0006190682635626363,0.0029501590182522213,0.040710493216607566,0.002950159035763161
