epoch,loss,mean_absolute_error,mean_squared_error,val_loss,val_mean_absolute_error,val_mean_squared_error
0,0.00329651387687448,0.031829871499476116,0.0032965138728993227,0.002927218517807408,0.03683736751214043,0.0029272185268871547
1,0.0007888008174340432,0.019846505575686797,0.0007888008199895015,0.002816528732392906,0.03550876735146663,0.002816528772603212
2,0.0007094943731656551,0.01799115267832105,0.0007094943765729329,0.002858558288985516,0.03536946486297756,0.002858558337627015
3,0.0006529447608400227,0.016554319853358982,0.0006529447647746173,0.00293820329051994,0.03555306898103119,0.0029382033216504995
4,0.0006105512538795013,0.01546398982834006,0.0006105512591526691,0.002941302189857681,0.03536004978841726,0.002941302196343214
5,0.0005780090127247369,0.014668282010440004,0.000578009019133664,0.003030371121948061,0.03593676015319598,0.003030371149835854
6,0.0005533761475462376,0.014071461163097765,0.0005533761516430834,0.003056833282512584,0.036015170852038855,0.0030568333311540834
