epoch,loss,mean_absolute_error,mean_squared_error,val_loss,val_mean_absolute_error,val_mean_squared_error
0,0.018840803877322346,0.047841418648742216,0.018840804198823335,0.0029399519336142663,0.03579802080615317,0.0029399519524223126
1,0.0007911171681387188,0.02084242616251163,0.0007911171694772922,0.0025437800304492037,0.03300274911655689,0.0025437800375832905
2,0.0006722664395233662,0.017820889288592007,0.0006722664436607748,0.002615134096198552,0.03344866259848507,0.002615134102035532
3,0.0006035413983268242,0.015820529540994235,0.0006035414030726753,0.0025897896329776324,0.033016231647773044,0.002589789644003039
4,0.0005634189460050145,0.014702703112587073,0.0005634189489052569,0.0026146930987456384,0.032951978364736255,0.002614693104582618
5,0.0005363520933720787,0.014008246623109443,0.0005363520957450042,0.0026355787578575874,0.03286060602157727,0.0026355787585061407
6,0.000517216788723299,0.013529809347584272,0.0005172167917655113,0.0026923164687687557,0.03300835872925092,0.0026923165440009412
