epoch,loss,mean_absolute_error,mean_squared_error,val_loss,val_mean_absolute_error,val_mean_squared_error
0,0.0022004657194995116,0.030266082600953273,0.0022004657427420133,0.0031936865178012084,0.03990435094928011,0.0031936865106671217
1,0.000745712325767085,0.019172010370870917,0.0007457123284442318,0.002957924055765723,0.03853486310223683,0.0029579240687367895
2,0.0006375686009171117,0.016590614008103927,0.000637568605865777,0.003300370831395341,0.04183791171043364,0.003300370835286661
3,0.0005750514172019196,0.014984320634359474,0.0005750514197776594,0.003509421708985831,0.04359545160219862,0.0035094217556816704
4,0.0005350012318206828,0.013920764150000615,0.0005350012352279605,0.0036013367395163164,0.04421798995900951,0.003601336771295429
5,0.0005070097409213085,0.013201308551565696,0.0005070097442880234,0.0036297743961028234,0.04451482266727264,0.00362977439934559
6,0.0004865777573729979,0.012676680351539356,0.00048657775982704907,0.003634833461607607,0.044525823169348965,0.0036348334570677336
