epoch,loss,mean_absolute_error,mean_squared_error,val_loss,val_mean_absolute_error,val_mean_squared_error
0,0.008340394035840037,0.04427553922041783,0.008340394038882249,0.006523872519425612,0.06326672476314237,0.006523872466244239
1,0.0009308382431905106,0.02225355989711833,0.0009308382452997778,0.006570878338774349,0.06511829700061537,0.006570878355636736
2,0.0007939468236081951,0.02020687768268253,0.0007939468247033915,0.00683469970484879,0.06718142046320737,0.0068346997424648835
3,0.0007038547792910023,0.0181226973957301,0.0007038547824549031,0.007611281080249293,0.0708960078262353,0.007611281107488532
4,0.0006389917011570691,0.016361871641453758,0.000638991703347462,0.011569314042215229,0.08594118079435195,0.011569314273100212
5,0.0005940378251735394,0.01515279276627489,0.000594037827891249,0.009118731167364585,0.07730742724493021,0.009118731151799305
