epoch,loss,mean_absolute_error,mean_squared_error,val_loss,val_mean_absolute_error,val_mean_squared_error
0,0.0023442302386354305,0.031286963584219535,0.0023442302450037947,0.0019008234807375746,0.0297971482033268,0.0019008234752248712
1,0.0008984265298962282,0.022338042936518216,0.0008984265317621183,0.0021291257363476876,0.031151039889056372,0.0021291257220795146
2,0.0008186867360418293,0.021486660071002896,0.0008186867381916593,0.002119327324616378,0.030909749645542633,0.0021193273336961244
3,0.0007705911751414684,0.02081057567551784,0.0007705911798873196,0.0021271745030298664,0.030824243290801235,0.0021271745056240794
4,0.0007282868004971888,0.01999476905328056,0.0007282868019168879,0.002104217367516545,0.030453061425544756,0.002104217380163335
5,0.0006876853377824384,0.019072645800090833,0.0006876853397294541,0.0020730322188617337,0.030111335928767174,0.00207303223280563
