epoch,loss,mean_absolute_error,mean_squared_error,val_loss,val_mean_absolute_error,val_mean_squared_error
0,0.009821231750031537,0.04579950653873254,0.009821231730642505,0.003533833054436532,0.0410506106331986,0.003533833053139425
1,0.0008992118847342241,0.022841903893114798,0.0008992118878981247,0.003600134669925011,0.041762949551214415,0.003600134666682244
2,0.0007986184759617163,0.02116655738122164,0.0007986184768540986,0.0037615895764201795,0.043732164163028296,0.00376158956474622
3,0.000737099626786254,0.019908996410538095,0.0007370996289766469,0.0038229397771760696,0.044882555048611834,0.00382293978301305
4,0.0006921395437162408,0.018873509340221875,0.0006921395472857699,0.003794390019444453,0.04524550719762579,0.0037943899889624467
5,0.0006574517457895241,0.018048007365718537,0.0006574517495213044,0.003851005926852771,0.0463943398638024,0.0038510059197186843
