epoch,loss,mean_absolute_error,mean_squared_error,val_loss,val_mean_absolute_error,val_mean_squared_error
0,0.0036885782749349907,0.03445350341498852,0.0036885782742859855,0.0029963259254439543,0.0377650517233567,0.0029963259410092343
1,0.0007884611470952552,0.01966290356338232,0.0007884611498129648,0.0029692295290176915,0.03761074358913892,0.0029692295646881243
2,0.0007018872348912942,0.01789352794401737,0.0007018872397588339,0.0029986356767698666,0.03726159835177212,0.0029986356793640797
3,0.0006428548085782353,0.01645024619308602,0.0006428548128778952,0.0031037284619068535,0.03764552864814203,0.0031037284761750265
4,0.0005986339360709183,0.015288404616744676,0.0005986339404517038,0.0032594241286189526,0.03866305446101762,0.0032594241351044857
5,0.0005653763967095664,0.014446414148480427,0.0005653764024492068,0.003338126441681742,0.03933081805996576,0.003338126446221615
6,0.0005400432044565548,0.01385062913822484,0.000540043208817059,0.0033834415318024108,0.03972836251793466,0.0033834415467191375
