epoch,loss,mean_absolute_error,mean_squared_error,val_loss,val_mean_absolute_error,val_mean_squared_error
0,0.004202189477637592,0.035476727943335264,0.004202189485750158,0.0035165196873538176,0.04196676258049636,0.003516519710053184
1,0.0008911405854699452,0.022260203909531286,0.0008911405879848406,0.0035217639349380244,0.04212736657984077,0.003521763928452491
2,0.0008023259498078363,0.020879218981760303,0.0008023259527283601,0.0035123146699435367,0.04218285263082775,0.00351231466086379
3,0.0007455117113803893,0.01969684471703988,0.0007455117129217769,0.0034958782474819082,0.042065916712652675,0.0034958782422934817
4,0.0007020997321590106,0.018630735395729334,0.0007020997349578459,0.0035118203445449266,0.04208201840312368,0.003511820352327566
5,0.0006653951355239915,0.017724889606393172,0.0006653951398642143,0.0036256780379651564,0.042810704310043274,0.00362567804445069
6,0.000631123790411986,0.01686863136779556,0.0006311237938192637,0.0038486467486294118,0.0441319263828166,0.0038486467648432446
7,0.0005997972715019738,0.01607820862897701,0.0005997972743413719,0.004134230426587891,0.04601540633355342,0.00413423046160977
8,0.0005723031574392932,0.015388979679070906,0.0005723031607857266,0.004428267424464392,0.048100198159891916,0.004428267402413579
