epoch,categorical_accuracy,loss,val_categorical_accuracy,val_loss
0,0.584821428145681,1.083508722611836,0.15925925895571708,2.5304326640235053
1,0.6498809525796345,0.8353564279420035,0.15740740704867576,3.044869295756022
