,Name,Training Accuracy,Validation Accuracy,Test Accuracy
0,resnet,0.6092857137748173,0.4699074056413439,0.4999999979207682
1,inception,0.7390476192746843,0.5958333320087856,0.59980619924013
2,inceptionresnet,0.5776785718968936,0.6143518487612406,0.6041666678217954
3,densenet,0.6577380949258804,0.6680555608537462,0.6710271294726882
4,xception,0.6413690472500665,0.12731481542189915,0.11918604698811852
5,vgg,0.8192261910438537,0.7379629638459947,0.7344961235689562
