,Name,Training Accuracy,Validation Accuracy,Test Accuracy
0,densenet,0.8846982758620692,0.8854166666666666,0.8125
1,ensemble,0.8329741379310345,0.875,0.8020833333333334
2,inception,0.8081896551724138,0.8645833333333334,0.8020833333333334
3,inceptionresnet,0.7931034482758621,0.8020833333333334,0.7395833333333334
4,resnet,0.7575431034482759,0.7708333333333334,0.75
5,vgg,0.8965517241379308,0.8854166666666666,0.8020833333333334
6,xception,0.8006465517241379,0.8229166666666666,0.7708333333333334
